query_id;bin_cos_p;bin_cos_r;bin_cos_f;bin_euc_p;bin_euc_r;bin_euc_f;ter_cos_p;ter_cos_r;ter_cos_f;ter_euc_p;ter_euc_r;ter_euc_f;tid_cos_p;tid_cos_r;tid_cos_f;tid_euc_p;tid_euc_r;tid_euc_f;w2v_cos_p;w2v_cos_r;w2v_cos_f;w2v_euc_p;w2v_euc_r;w2v_euc_f
1;0,266667;0,137931;0,052373;0,066667;0,034483;0,004175;0,400000;0,206897;0,103004;0,000000;0,000000;0,000000;0,333333;0,172414;0,076336;0,066667;0,034483;0,004175;0,066667;0,034483;0,004175;0,066667;0,034483;0,004175
2;0,066667;0,040000;0,004819;0,066667;0,040000;0,004819;0,200000;0,120000;0,036364;0,000000;0,000000;0,000000;0,333333;0,200000;0,086957;0,000000;0,000000;0,000000;0,000000;0,000000;0,000000;0,000000;0,000000;0,000000
3;0,266667;0,444444;0,138528;0,000000;0,000000;0,000000;0,333333;0,555556;0,196078;0,000000;0,000000;0,000000;0,533333;0,888889;0,391437;0,000000;0,000000;0,000000;0,000000;0,000000;0,000000;0,000000;0,000000;0,000000
4;0,066667;0,333333;0,031746;0,000000;0,000000;0,000000;0,066667;0,333333;0,031746;0,000000;0,000000;0,000000;0,133333;0,666667;0,098765;0,000000;0,000000;0,000000;0,000000;0,000000;0,000000;0,000000;0,000000;0,000000
5;0,133333;0,400000;0,069565;0,000000;0,000000;0,000000;0,000000;0,000000;0,000000;0,000000;0,000000;0,000000;0,133333;0,400000;0,069565;0,000000;0,000000;0,000000;0,000000;0,000000;0,000000;0,000000;0,000000;0,000000
6;0,000000;0,000000;0,000000;0,000000;0,000000;0,000000;0,000000;0,000000;0,000000;0,000000;0,000000;0,000000;0,000000;0,000000;0,000000;0,000000;0,000000;0,000000;0,000000;0,000000;0,000000;0,000000;0,000000;0,000000
7;0,200000;0,500000;0,117647;0,000000;0,000000;0,000000;0,133333;0,333333;0,060606;0,000000;0,000000;0,000000;0,133333;0,333333;0,060606;0,000000;0,000000;0,000000;0,000000;0,000000;0,000000;0,000000;0,000000;0,000000
8;0,200000;0,250000;0,068966;0,000000;0,000000;0,000000;0,200000;0,250000;0,068966;0,000000;0,000000;0,000000;0,200000;0,250000;0,068966;0,000000;0,000000;0,000000;0,000000;0,000000;0,000000;0,000000;0,000000;0,000000
9;0,200000;0,750000;0,153846;0,000000;0,000000;0,000000;0,200000;0,750000;0,153846;0,000000;0,000000;0,000000;0,200000;0,750000;0,153846;0,000000;0,000000;0,000000;0,000000;0,000000;0,000000;0,000000;0,000000;0,000000
10;0,333333;0,555556;0,196078;0,000000;0,000000;0,000000;0,133333;0,222222;0,043716;0,000000;0,000000;0,000000;0,200000;0,333333;0,086957;0,000000;0,000000;0,000000;0,000000;0,000000;0,000000;0,000000;0,000000;0,000000
11;0,000000;0,000000;0,000000;0,066667;0,125000;0,013986;0,133333;0,250000;0,048193;0,000000;0,000000;0,000000;0,200000;0,375000;0,095238;0,000000;0,000000;0,000000;0,000000;0,000000;0,000000;0,000000;0,000000;0,000000
12;0,133333;0,333333;0,060606;0,000000;0,000000;0,000000;0,000000;0,000000;0,000000;0,000000;0,000000;0,000000;0,133333;0,333333;0,060606;0,000000;0,000000;0,000000;0,000000;0,000000;0,000000;0,000000;0,000000;0,000000
13;0,066667;0,200000;0,021053;0,000000;0,000000;0,000000;0,000000;0,000000;0,000000;0,000000;0,000000;0,000000;0,066667;0,200000;0,021053;0,000000;0,000000;0,000000;0,000000;0,000000;0,000000;0,000000;0,000000;0,000000
14;0,066667;0,333333;0,031746;0,000000;0,000000;0,000000;0,066667;0,333333;0,031746;0,000000;0,000000;0,000000;0,066667;0,333333;0,031746;0,000000;0,000000;0,000000;0,000000;0,000000;0,000000;0,000000;0,000000;0,000000
15;0,133333;0,666667;0,098765;0,000000;0,000000;0,000000;0,066667;0,333333;0,031746;0,000000;0,000000;0,000000;0,133333;0,666667;0,098765;0,000000;0,000000;0,000000;0,000000;0,000000;0,000000;0,000000;0,000000;0,000000
16;0,133333;0,500000;0,081633;0,000000;0,000000;0,000000;0,200000;0,750000;0,153846;0,000000;0,000000;0,000000;0,200000;0,750000;0,153846;0,000000;0,000000;0,000000;0,000000;0,000000;0,000000;0,000000;0,000000;0,000000
17;0,066667;0,333333;0,031746;0,000000;0,000000;0,000000;0,066667;0,333333;0,031746;0,000000;0,000000;0,000000;0,133333;0,666667;0,098765;0,000000;0,000000;0,000000;0,000000;0,000000;0,000000;0,000000;0,000000;0,000000
18;0,066667;0,250000;0,025316;0,000000;0,000000;0,000000;0,066667;0,250000;0,025316;0,000000;0,000000;0,000000;0,133333;0,500000;0,081633;0,000000;0,000000;0,000000;0,000000;0,000000;0,000000;0,000000;0,000000;0,000000
19;0,000000;0,000000;0,000000;0,000000;0,000000;0,000000;0,000000;0,000000;0,000000;0,000000;0,000000;0,000000;0,000000;0,000000;0,000000;0,000000;0,000000;0,000000;0,000000;0,000000;0,000000;0,000000;0,000000;0,000000
20;0,333333;0,500000;0,181818;0,000000;0,000000;0,000000;0,200000;0,300000;0,080000;0,000000;0,000000;0,000000;0,400000;0,600000;0,240000;0,000000;0,000000;0,000000;0,000000;0,000000;0,000000;0,000000;0,000000;0,000000
21;0,133333;0,400000;0,069565;0,000000;0,000000;0,000000;0,133333;0,400000;0,069565;0,000000;0,000000;0,000000;0,200000;0,600000;0,133333;0,000000;0,000000;0,000000;0,000000;0,000000;0,000000;0,000000;0,000000;0,000000
22;0,000000;0,000000;0,000000;0,000000;0,000000;0,000000;0,000000;0,000000;0,000000;0,000000;0,000000;0,000000;0,000000;0,000000;0,000000;0,000000;0,000000;0,000000;0,000000;0,000000;0,000000;0,000000;0,000000;0,000000
23;0,066667;0,030303;0,003683;0,000000;0,000000;0,000000;0,066667;0,030303;0,003683;0,000000;0,000000;0,000000;0,266667;0,121212;0,046579;0,000000;0,000000;0,000000;0,000000;0,000000;0,000000;0,000000;0,000000;0,000000
24;0,000000;0,000000;0,000000;0,000000;0,000000;0,000000;0,000000;0,000000;0,000000;0,000000;0,000000;0,000000;0,133333;0,500000;0,081633;0,000000;0,000000;0,000000;0,000000;0,000000;0,000000;0,000000;0,000000;0,000000
25;0,066667;0,100000;0,011429;0,000000;0,000000;0,000000;0,200000;0,300000;0,080000;0,000000;0,000000;0,000000;0,466667;0,700000;0,301538;0,000000;0,000000;0,000000;0,000000;0,000000;0,000000;0,000000;0,000000;0,000000
26;0,066667;0,142857;0,015748;0,000000;0,000000;0,000000;0,000000;0,000000;0,000000;0,000000;0,000000;0,000000;0,066667;0,142857;0,015748;0,000000;0,000000;0,000000;0,000000;0,000000;0,000000;0,000000;0,000000;0,000000
27;0,000000;0,000000;0,000000;0,000000;0,000000;0,000000;0,000000;0,000000;0,000000;0,000000;0,000000;0,000000;0,133333;0,500000;0,081633;0,000000;0,000000;0,000000;0,000000;0,000000;0,000000;0,000000;0,000000;0,000000
28;0,000000;0,000000;0,000000;0,000000;0,000000;0,000000;0,000000;0,000000;0,000000;0,000000;0,000000;0,000000;0,000000;0,000000;0,000000;0,000000;0,000000;0,000000;0,000000;0,000000;0,000000;0,000000;0,000000;0,000000
29;0,333333;0,500000;0,181818;0,000000;0,000000;0,000000;0,000000;0,000000;0,000000;0,000000;0,000000;0,000000;0,333333;0,500000;0,181818;0,000000;0,000000;0,000000;0,000000;0,000000;0,000000;0,000000;0,000000;0,000000
30;0,000000;0,000000;0,000000;0,000000;0,000000;0,000000;0,066667;0,125000;0,013986;0,000000;0,000000;0,000000;0,133333;0,250000;0,048193;0,000000;0,000000;0,000000;0,000000;0,000000;0,000000;0,000000;0,000000;0,000000
31;0,000000;0,000000;0,000000;0,000000;0,000000;0,000000;0,000000;0,000000;0,000000;0,000000;0,000000;0,000000;0,066667;0,500000;0,042553;0,000000;0,000000;0,000000;0,000000;0,000000;0,000000;0,000000;0,000000;0,000000
32;0,133333;0,285714;0,053691;0,000000;0,000000;0,000000;0,133333;0,285714;0,053691;0,000000;0,000000;0,000000;0,133333;0,285714;0,053691;0,000000;0,000000;0,000000;0,000000;0,000000;0,000000;0,000000;0,000000;0,000000
33;0,200000;0,750000;0,153846;0,000000;0,000000;0,000000;0,200000;0,750000;0,153846;0,000000;0,000000;0,000000;0,266667;1,000000;0,235294;0,000000;0,000000;0,000000;0,000000;0,000000;0,000000;0,000000;0,000000;0,000000
34;0,133333;0,285714;0,053691;0,000000;0,000000;0,000000;0,200000;0,428571;0,105263;0,000000;0,000000;0,000000;0,266667;0,571429;0,165803;0,000000;0,000000;0,000000;0,000000;0,000000;0,000000;0,000000;0,000000;0,000000
35;0,000000;0,000000;0,000000;0,000000;0,000000;0,000000;0,000000;0,000000;0,000000;0,000000;0,000000;0,000000;0,000000;0,000000;0,000000;0,000000;0,000000;0,000000;0,000000;0,000000;0,000000;0,000000;0,000000;0,000000
36;0,000000;0,000000;0,000000;0,000000;0,000000;0,000000;0,000000;0,000000;0,000000;0,000000;0,000000;0,000000;0,000000;0,000000;0,000000;0,000000;0,000000;0,000000;0,000000;0,000000;0,000000;0,000000;0,000000;0,000000
37;0,066667;0,100000;0,011429;0,000000;0,000000;0,000000;0,133333;0,200000;0,040000;0,000000;0,000000;0,000000;0,400000;0,600000;0,240000;0,000000;0,000000;0,000000;0,000000;0,000000;0,000000;0,000000;0,000000;0,000000
38;0,000000;0,000000;0,000000;0,000000;0,000000;0,000000;0,066667;0,090909;0,010471;0,000000;0,000000;0,000000;0,133333;0,181818;0,036866;0,000000;0,000000;0,000000;0,000000;0,000000;0,000000;0,000000;0,000000;0,000000
39;0,000000;0,000000;0,000000;0,000000;0,000000;0,000000;0,066667;0,071429;0,008368;0,000000;0,000000;0,000000;0,200000;0,214286;0,060606;0,000000;0,000000;0,000000;0,000000;0,000000;0,000000;0,000000;0,000000;0,000000
40;0,000000;0,000000;0,000000;0,000000;0,000000;0,000000;0,000000;0,000000;0,000000;0,000000;0,000000;0,000000;0,066667;0,076923;0,008969;0,000000;0,000000;0,000000;0,000000;0,000000;0,000000;0,000000;0,000000;0,000000
41;0,066667;0,250000;0,025316;0,000000;0,000000;0,000000;0,133333;0,500000;0,081633;0,000000;0,000000;0,000000;0,133333;0,500000;0,081633;0,000000;0,000000;0,000000;0,000000;0,000000;0,000000;0,000000;0,000000;0,000000
42;0,133333;0,333333;0,060606;0,000000;0,000000;0,000000;0,133333;0,333333;0,060606;0,000000;0,000000;0,000000;0,200000;0,500000;0,117647;0,000000;0,000000;0,000000;0,000000;0,000000;0,000000;0,000000;0,000000;0,000000
43;0,066667;0,142857;0,015748;0,000000;0,000000;0,000000;0,266667;0,571429;0,165803;0,000000;0,000000;0,000000;0,400000;0,857143;0,303797;0,000000;0,000000;0,000000;0,000000;0,000000;0,000000;0,000000;0,000000;0,000000
44;0,000000;0,000000;0,000000;0,000000;0,000000;0,000000;0,000000;0,000000;0,000000;0,000000;0,000000;0,000000;0,000000;0,000000;0,000000;0,000000;0,000000;0,000000;0,000000;0,000000;0,000000;0,000000;0,000000;0,000000
45;0,133333;0,153846;0,031873;0,066667;0,076923;0,008969;0,133333;0,153846;0,031873;0,066667;0,076923;0,008969;0,200000;0,230769;0,064516;0,000000;0,000000;0,000000;0,066667;0,076923;0,008969;0,066667;0,076923;0,008969
46;0,066667;0,062500;0,007380;0,066667;0,062500;0,007380;0,400000;0,375000;0,169014;0,066667;0,062500;0,007380;0,400000;0,375000;0,169014;0,000000;0,000000;0,000000;0,066667;0,062500;0,007380;0,066667;0,062500;0,007380
47;0,466667;0,466667;0,225287;0,066667;0,066667;0,007843;0,333333;0,333333;0,133333;0,066667;0,066667;0,007843;0,400000;0,400000;0,177778;0,000000;0,000000;0,000000;0,000000;0,000000;0,000000;0,000000;0,000000;0,000000
48;0,200000;0,250000;0,068966;0,133333;0,166667;0,034188;0,200000;0,250000;0,068966;0,066667;0,083333;0,009662;0,200000;0,250000;0,068966;0,000000;0,000000;0,000000;0,000000;0,000000;0,000000;0,000000;0,000000;0,000000
49;0,200000;1,000000;0,181818;0,000000;0,000000;0,000000;0,000000;0,000000;0,000000;0,000000;0,000000;0,000000;0,200000;1,000000;0,181818;0,000000;0,000000;0,000000;0,066667;0,333333;0,031746;0,066667;0,333333;0,031746
50;0,066667;0,142857;0,015748;0,000000;0,000000;0,000000;0,000000;0,000000;0,000000;0,066667;0,142857;0,015748;0,000000;0,000000;0,000000;0,000000;0,000000;0,000000;0,000000;0,000000;0,000000;0,000000;0,000000;0,000000
51;0,066667;0,090909;0,010471;0,000000;0,000000;0,000000;0,066667;0,090909;0,010471;0,066667;0,090909;0,010471;0,066667;0,090909;0,010471;0,000000;0,000000;0,000000;0,000000;0,000000;0,000000;0,000000;0,000000;0,000000
52;0,133333;0,400000;0,069565;0,000000;0,000000;0,000000;0,000000;0,000000;0,000000;0,000000;0,000000;0,000000;0,333333;1,000000;0,285714;0,000000;0,000000;0,000000;0,000000;0,000000;0,000000;0,000000;0,000000;0,000000
53;0,000000;0,000000;0,000000;0,000000;0,000000;0,000000;0,133333;0,181818;0,036866;0,000000;0,000000;0,000000;0,133333;0,181818;0,036866;0,000000;0,000000;0,000000;0,000000;0,000000;0,000000;0,000000;0,000000;0,000000
54;0,066667;0,100000;0,011429;0,000000;0,000000;0,000000;0,133333;0,200000;0,040000;0,000000;0,000000;0,000000;0,133333;0,200000;0,040000;0,000000;0,000000;0,000000;0,000000;0,000000;0,000000;0,000000;0,000000;0,000000
55;0,133333;0,181818;0,036866;0,000000;0,000000;0,000000;0,200000;0,272727;0,074074;0,000000;0,000000;0,000000;0,200000;0,272727;0,074074;0,000000;0,000000;0,000000;0,000000;0,000000;0,000000;0,000000;0,000000;0,000000
56;0,133333;0,181818;0,036866;0,066667;0,090909;0,010471;0,066667;0,090909;0,010471;0,000000;0,000000;0,000000;0,200000;0,272727;0,074074;0,000000;0,000000;0,000000;0,000000;0,000000;0,000000;0,000000;0,000000;0,000000
57;0,066667;0,066667;0,007843;0,066667;0,066667;0,007843;0,066667;0,066667;0,007843;0,000000;0,000000;0,000000;0,266667;0,266667;0,092754;0,000000;0,000000;0,000000;0,000000;0,000000;0,000000;0,000000;0,000000;0,000000
58;0,066667;0,100000;0,011429;0,000000;0,000000;0,000000;0,133333;0,200000;0,040000;0,000000;0,000000;0,000000;0,200000;0,300000;0,080000;0,000000;0,000000;0,000000;0,000000;0,000000;0,000000;0,000000;0,000000;0,000000
59;0,000000;0,000000;0,000000;0,000000;0,000000;0,000000;0,000000;0,000000;0,000000;0,000000;0,000000;0,000000;0,000000;0,000000;0,000000;0,000000;0,000000;0,000000;0,000000;0,000000;0,000000;0,000000;0,000000;0,000000
60;0,266667;0,666667;0,183908;0,000000;0,000000;0,000000;0,200000;0,500000;0,117647;0,000000;0,000000;0,000000;0,266667;0,666667;0,183908;0,000000;0,000000;0,000000;0,000000;0,000000;0,000000;0,000000;0,000000;0,000000
61;0,133333;0,333333;0,060606;0,000000;0,000000;0,000000;0,133333;0,333333;0,060606;0,000000;0,000000;0,000000;0,200000;0,500000;0,117647;0,000000;0,000000;0,000000;0,000000;0,000000;0,000000;0,000000;0,000000;0,000000
62;0,000000;0,000000;0,000000;0,000000;0,000000;0,000000;0,000000;0,000000;0,000000;0,000000;0,000000;0,000000;0,066667;0,166667;0,018018;0,000000;0,000000;0,000000;0,000000;0,000000;0,000000;0,000000;0,000000;0,000000
63;0,000000;0,000000;0,000000;0,000000;0,000000;0,000000;0,000000;0,000000;0,000000;0,000000;0,000000;0,000000;0,000000;0,000000;0,000000;0,000000;0,000000;0,000000;0,000000;0,000000;0,000000;0,000000;0,000000;0,000000
64;0,000000;0,000000;0,000000;0,000000;0,000000;0,000000;0,000000;0,000000;0,000000;0,000000;0,000000;0,000000;0,066667;0,333333;0,031746;0,000000;0,000000;0,000000;0,000000;0,000000;0,000000;0,000000;0,000000;0,000000
65;0,400000;0,375000;0,169014;0,000000;0,000000;0,000000;0,400000;0,375000;0,169014;0,000000;0,000000;0,000000;0,466667;0,437500;0,214442;0,000000;0,000000;0,000000;0,000000;0,000000;0,000000;0,000000;0,000000;0,000000
66;0,066667;0,166667;0,018018;0,000000;0,000000;0,000000;0,200000;0,500000;0,117647;0,000000;0,000000;0,000000;0,066667;0,166667;0,018018;0,000000;0,000000;0,000000;0,000000;0,000000;0,000000;0,000000;0,000000;0,000000
67;0,333333;0,333333;0,133333;0,000000;0,000000;0,000000;0,333333;0,333333;0,133333;0,000000;0,000000;0,000000;0,533333;0,533333;0,275269;0,000000;0,000000;0,000000;0,000000;0,000000;0,000000;0,000000;0,000000;0,000000
68;0,000000;0,000000;0,000000;0,000000;0,000000;0,000000;0,066667;0,166667;0,018018;0,000000;0,000000;0,000000;0,066667;0,166667;0,018018;0,000000;0,000000;0,000000;0,000000;0,000000;0,000000;0,000000;0,000000;0,000000
69;0,000000;0,000000;0,000000;0,000000;0,000000;0,000000;0,066667;0,166667;0,018018;0,000000;0,000000;0,000000;0,000000;0,000000;0,000000;0,000000;0,000000;0,000000;0,000000;0,000000;0,000000;0,000000;0,000000;0,000000
70;0,066667;0,090909;0,010471;0,000000;0,000000;0,000000;0,266667;0,363636;0,118959;0,000000;0,000000;0,000000;0,266667;0,363636;0,118959;0,000000;0,000000;0,000000;0,000000;0,000000;0,000000;0,000000;0,000000;0,000000
71;0,000000;0,000000;0,000000;0,066667;0,111111;0,012579;0,000000;0,000000;0,000000;0,066667;0,111111;0,012579;0,133333;0,222222;0,043716;0,000000;0,000000;0,000000;0,000000;0,000000;0,000000;0,000000;0,000000;0,000000
72;0,000000;0,000000;0,000000;0,000000;0,000000;0,000000;0,000000;0,000000;0,000000;0,066667;0,055556;0,006601;0,066667;0,055556;0,006601;0,000000;0,000000;0,000000;0,066667;0,055556;0,006601;0,066667;0,055556;0,006601
73;0,133333;0,095238;0,020672;0,000000;0,000000;0,000000;0,066667;0,047619;0,005698;0,000000;0,000000;0,000000;0,266667;0,190476;0,069717;0,000000;0,000000;0,000000;0,000000;0,000000;0,000000;0,000000;0,000000;0,000000
74;0,000000;0,000000;0,000000;0,066667;0,142857;0,015748;0,000000;0,000000;0,000000;0,000000;0,000000;0,000000;0,066667;0,142857;0,015748;0,000000;0,000000;0,000000;0,000000;0,000000;0,000000;0,000000;0,000000;0,000000
75;0,000000;0,000000;0,000000;0,000000;0,000000;0,000000;0,000000;0,000000;0,000000;0,000000;0,000000;0,000000;0,133333;0,333333;0,060606;0,000000;0,000000;0,000000;0,000000;0,000000;0,000000;0,000000;0,000000;0,000000
76;0,133333;0,250000;0,048193;0,066667;0,125000;0,013986;0,000000;0,000000;0,000000;0,066667;0,125000;0,013986;0,133333;0,250000;0,048193;0,000000;0,000000;0,000000;0,000000;0,000000;0,000000;0,000000;0,000000;0,000000
77;0,266667;0,571429;0,165803;0,066667;0,142857;0,015748;0,133333;0,285714;0,053691;0,066667;0,142857;0,015748;0,333333;0,714286;0,232558;0,000000;0,000000;0,000000;0,000000;0,000000;0,000000;0,000000;0,000000;0,000000
78;0,066667;0,250000;0,025316;0,000000;0,000000;0,000000;0,000000;0,000000;0,000000;0,000000;0,000000;0,000000;0,133333;0,500000;0,081633;0,000000;0,000000;0,000000;0,000000;0,000000;0,000000;0,000000;0,000000;0,000000
79;0,133333;0,333333;0,060606;0,000000;0,000000;0,000000;0,200000;0,500000;0,117647;0,000000;0,000000;0,000000;0,133333;0,333333;0,060606;0,000000;0,000000;0,000000;0,000000;0,000000;0,000000;0,000000;0,000000;0,000000
80;0,066667;0,200000;0,021053;0,000000;0,000000;0,000000;0,000000;0,000000;0,000000;0,000000;0,000000;0,000000;0,133333;0,400000;0,069565;0,000000;0,000000;0,000000;0,000000;0,000000;0,000000;0,000000;0,000000;0,000000
81;0,066667;0,333333;0,031746;0,000000;0,000000;0,000000;0,066667;0,333333;0,031746;0,000000;0,000000;0,000000;0,133333;0,666667;0,098765;0,000000;0,000000;0,000000;0,000000;0,000000;0,000000;0,000000;0,000000;0,000000
82;0,133333;0,333333;0,060606;0,000000;0,000000;0,000000;0,000000;0,000000;0,000000;0,000000;0,000000;0,000000;0,200000;0,500000;0,117647;0,000000;0,000000;0,000000;0,000000;0,000000;0,000000;0,000000;0,000000;0,000000
83;0,000000;0,000000;0,000000;0,000000;0,000000;0,000000;0,000000;0,000000;0,000000;0,000000;0,000000;0,000000;0,133333;0,400000;0,069565;0,000000;0,000000;0,000000;0,000000;0,000000;0,000000;0,000000;0,000000;0,000000
84;0,000000;0,000000;0,000000;0,000000;0,000000;0,000000;0,133333;0,166667;0,034188;0,000000;0,000000;0,000000;0,066667;0,083333;0,009662;0,000000;0,000000;0,000000;0,000000;0,000000;0,000000;0,000000;0,000000;0,000000
85;0,000000;0,000000;0,000000;0,000000;0,000000;0,000000;0,000000;0,000000;0,000000;0,000000;0,000000;0,000000;0,000000;0,000000;0,000000;0,000000;0,000000;0,000000;0,000000;0,000000;0,000000;0,000000;0,000000;0,000000
86;0,133333;0,666667;0,098765;0,000000;0,000000;0,000000;0,066667;0,333333;0,031746;0,000000;0,000000;0,000000;0,066667;0,333333;0,031746;0,000000;0,000000;0,000000;0,000000;0,000000;0,000000;0,000000;0,000000;0,000000
87;0,066667;0,111111;0,012579;0,000000;0,000000;0,000000;0,000000;0,000000;0,000000;0,000000;0,000000;0,000000;0,000000;0,000000;0,000000;0,000000;0,000000;0,000000;0,000000;0,000000;0,000000;0,000000;0,000000;0,000000
88;0,400000;0,857143;0,303797;0,000000;0,000000;0,000000;0,333333;0,714286;0,232558;0,000000;0,000000;0,000000;0,466667;1,000000;0,378378;0,000000;0,000000;0,000000;0,000000;0,000000;0,000000;0,000000;0,000000;0,000000
89;0,200000;0,428571;0,105263;0,000000;0,000000;0,000000;0,266667;0,571429;0,165803;0,000000;0,000000;0,000000;0,333333;0,714286;0,232558;0,000000;0,000000;0,000000;0,000000;0,000000;0,000000;0,000000;0,000000;0,000000
90;0,133333;0,142857;0,029851;0,066667;0,071429;0,008368;0,200000;0,214286;0,060606;0,066667;0,071429;0,008368;0,333333;0,357143;0,140845;0,000000;0,000000;0,000000;0,000000;0,000000;0,000000;0,000000;0,000000;0,000000
91;0,066667;0,100000;0,011429;0,000000;0,000000;0,000000;0,133333;0,200000;0,040000;0,000000;0,000000;0,000000;0,133333;0,200000;0,040000;0,000000;0,000000;0,000000;0,000000;0,000000;0,000000;0,000000;0,000000;0,000000
92;0,133333;0,142857;0,029851;0,000000;0,000000;0,000000;0,066667;0,071429;0,008368;0,000000;0,000000;0,000000;0,466667;0,500000;0,237288;0,000000;0,000000;0,000000;0,000000;0,000000;0,000000;0,000000;0,000000;0,000000
93;0,066667;0,500000;0,042553;0,000000;0,000000;0,000000;0,133333;1,000000;0,125000;0,000000;0,000000;0,000000;0,133333;1,000000;0,125000;0,000000;0,000000;0,000000;0,000000;0,000000;0,000000;0,000000;0,000000;0,000000
94;0,133333;0,153846;0,031873;0,000000;0,000000;0,000000;0,333333;0,384615;0,149254;0,000000;0,000000;0,000000;0,400000;0,461538;0,198347;0,000000;0,000000;0,000000;0,000000;0,000000;0,000000;0,000000;0,000000;0,000000
95;0,000000;0,000000;0,000000;0,000000;0,000000;0,000000;0,066667;0,333333;0,031746;0,000000;0,000000;0,000000;0,200000;1,000000;0,181818;0,000000;0,000000;0,000000;0,000000;0,000000;0,000000;0,000000;0,000000;0,000000
96;0,066667;0,071429;0,008368;0,066667;0,071429;0,008368;0,066667;0,071429;0,008368;0,000000;0,000000;0,000000;0,266667;0,285714;0,098160;0,000000;0,000000;0,000000;0,000000;0,000000;0,000000;0,000000;0,000000;0,000000
97;0,000000;0,000000;0,000000;0,000000;0,000000;0,000000;0,000000;0,000000;0,000000;0,000000;0,000000;0,000000;0,000000;0,000000;0,000000;0,000000;0,000000;0,000000;0,000000;0,000000;0,000000;0,000000;0,000000;0,000000
98;0,066667;0,166667;0,018018;0,000000;0,000000;0,000000;0,066667;0,166667;0,018018;0,000000;0,000000;0,000000;0,066667;0,166667;0,018018;0,000000;0,000000;0,000000;0,000000;0,000000;0,000000;0,000000;0,000000;0,000000
99;0,066667;0,200000;0,021053;0,000000;0,000000;0,000000;0,000000;0,000000;0,000000;0,000000;0,000000;0,000000;0,066667;0,200000;0,021053;0,000000;0,000000;0,000000;0,000000;0,000000;0,000000;0,000000;0,000000;0,000000
100;0,200000;0,300000;0,080000;0,000000;0,000000;0,000000;0,266667;0,400000;0,128000;0,000000;0,000000;0,000000;0,333333;0,500000;0,181818;0,000000;0,000000;0,000000;0,000000;0,000000;0,000000;0,000000;0,000000;0,000000
101;0,066667;0,142857;0,015748;0,000000;0,000000;0,000000;0,200000;0,428571;0,105263;0,000000;0,000000;0,000000;0,333333;0,714286;0,232558;0,000000;0,000000;0,000000;0,000000;0,000000;0,000000;0,000000;0,000000;0,000000
102;0,066667;0,200000;0,021053;0,000000;0,000000;0,000000;0,066667;0,200000;0,021053;0,000000;0,000000;0,000000;0,133333;0,400000;0,069565;0,000000;0,000000;0,000000;0,000000;0,000000;0,000000;0,000000;0,000000;0,000000
103;0,066667;0,333333;0,031746;0,000000;0,000000;0,000000;0,000000;0,000000;0,000000;0,000000;0,000000;0,000000;0,066667;0,333333;0,031746;0,000000;0,000000;0,000000;0,000000;0,000000;0,000000;0,000000;0,000000;0,000000
104;0,133333;0,333333;0,060606;0,000000;0,000000;0,000000;0,066667;0,166667;0,018018;0,000000;0,000000;0,000000;0,066667;0,166667;0,018018;0,000000;0,000000;0,000000;0,000000;0,000000;0,000000;0,000000;0,000000;0,000000
105;0,133333;0,333333;0,060606;0,000000;0,000000;0,000000;0,133333;0,333333;0,060606;0,000000;0,000000;0,000000;0,266667;0,666667;0,183908;0,000000;0,000000;0,000000;0,000000;0,000000;0,000000;0,000000;0,000000;0,000000
106;0,066667;0,166667;0,018018;0,000000;0,000000;0,000000;0,066667;0,166667;0,018018;0,000000;0,000000;0,000000;0,266667;0,666667;0,183908;0,000000;0,000000;0,000000;0,000000;0,000000;0,000000;0,000000;0,000000;0,000000
107;0,066667;0,125000;0,013986;0,000000;0,000000;0,000000;0,066667;0,125000;0,013986;0,000000;0,000000;0,000000;0,200000;0,375000;0,095238;0,000000;0,000000;0,000000;0,000000;0,000000;0,000000;0,000000;0,000000;0,000000
108;0,000000;0,000000;0,000000;0,000000;0,000000;0,000000;0,133333;0,250000;0,048193;0,000000;0,000000;0,000000;0,400000;0,750000;0,279070;0,000000;0,000000;0,000000;0,000000;0,000000;0,000000;0,000000;0,000000;0,000000
109;0,000000;0,000000;0,000000;0,000000;0,000000;0,000000;0,000000;0,000000;0,000000;0,000000;0,000000;0,000000;0,000000;0,000000;0,000000;0,000000;0,000000;0,000000;0,000000;0,000000;0,000000;0,000000;0,000000;0,000000
110;0,000000;0,000000;0,000000;0,000000;0,000000;0,000000;0,000000;0,000000;0,000000;0,000000;0,000000;0,000000;0,000000;0,000000;0,000000;0,000000;0,000000;0,000000;0,000000;0,000000;0,000000;0,000000;0,000000;0,000000
111;0,000000;0,000000;0,000000;0,000000;0,000000;0,000000;0,266667;0,500000;0,150943;0,000000;0,000000;0,000000;0,266667;0,500000;0,150943;0,000000;0,000000;0,000000;0,000000;0,000000;0,000000;0,000000;0,000000;0,000000
112;0,066667;0,333333;0,031746;0,000000;0,000000;0,000000;0,133333;0,666667;0,098765;0,000000;0,000000;0,000000;0,133333;0,666667;0,098765;0,000000;0,000000;0,000000;0,000000;0,000000;0,000000;0,000000;0,000000;0,000000
113;0,066667;0,200000;0,021053;0,000000;0,000000;0,000000;0,000000;0,000000;0,000000;0,000000;0,000000;0,000000;0,066667;0,200000;0,021053;0,000000;0,000000;0,000000;0,000000;0,000000;0,000000;0,000000;0,000000;0,000000
114;0,066667;0,200000;0,021053;0,000000;0,000000;0,000000;0,000000;0,000000;0,000000;0,000000;0,000000;0,000000;0,066667;0,200000;0,021053;0,000000;0,000000;0,000000;0,000000;0,000000;0,000000;0,000000;0,000000;0,000000
115;0,000000;0,000000;0,000000;0,000000;0,000000;0,000000;0,000000;0,000000;0,000000;0,000000;0,000000;0,000000;0,000000;0,000000;0,000000;0,000000;0,000000;0,000000;0,000000;0,000000;0,000000;0,000000;0,000000;0,000000
116;0,000000;0,000000;0,000000;0,000000;0,000000;0,000000;0,000000;0,000000;0,000000;0,066667;0,166667;0,018018;0,066667;0,166667;0,018018;0,000000;0,000000;0,000000;0,000000;0,000000;0,000000;0,000000;0,000000;0,000000
117;0,000000;0,000000;0,000000;0,000000;0,000000;0,000000;0,000000;0,000000;0,000000;0,000000;0,000000;0,000000;0,000000;0,000000;0,000000;0,000000;0,000000;0,000000;0,000000;0,000000;0,000000;0,000000;0,000000;0,000000
118;0,066667;0,250000;0,025316;0,000000;0,000000;0,000000;0,066667;0,250000;0,025316;0,000000;0,000000;0,000000;0,066667;0,250000;0,025316;0,000000;0,000000;0,000000;0,000000;0,000000;0,000000;0,000000;0,000000;0,000000
119;0,000000;0,000000;0,000000;0,000000;0,000000;0,000000;0,066667;0,500000;0,042553;0,000000;0,000000;0,000000;0,066667;0,500000;0,042553;0,000000;0,000000;0,000000;0,000000;0,000000;0,000000;0,000000;0,000000;0,000000
120;0,400000;0,600000;0,240000;0,000000;0,000000;0,000000;0,200000;0,300000;0,080000;0,000000;0,000000;0,000000;0,466667;0,700000;0,301538;0,000000;0,000000;0,000000;0,000000;0,000000;0,000000;0,000000;0,000000;0,000000
121;0,266667;0,500000;0,150943;0,000000;0,000000;0,000000;0,200000;0,375000;0,095238;0,000000;0,000000;0,000000;0,266667;0,500000;0,150943;0,000000;0,000000;0,000000;0,000000;0,000000;0,000000;0,000000;0,000000;0,000000
122;0,066667;0,100000;0,011429;0,000000;0,000000;0,000000;0,066667;0,100000;0,011429;0,000000;0,000000;0,000000;0,133333;0,200000;0,040000;0,000000;0,000000;0,000000;0,000000;0,000000;0,000000;0,000000;0,000000;0,000000
123;0,000000;0,000000;0,000000;0,000000;0,000000;0,000000;0,000000;0,000000;0,000000;0,000000;0,000000;0,000000;0,000000;0,000000;0,000000;0,000000;0,000000;0,000000;0,000000;0,000000;0,000000;0,000000;0,000000;0,000000
124;0,000000;0,000000;0,000000;0,000000;0,000000;0,000000;0,000000;0,000000;0,000000;0,000000;0,000000;0,000000;0,066667;0,200000;0,021053;0,000000;0,000000;0,000000;0,000000;0,000000;0,000000;0,000000;0,000000;0,000000
125;0,133333;0,111111;0,023810;0,000000;0,000000;0,000000;0,133333;0,111111;0,023810;0,000000;0,000000;0,000000;0,200000;0,166667;0,048780;0,000000;0,000000;0,000000;0,000000;0,000000;0,000000;0,000000;0,000000;0,000000
126;0,133333;0,222222;0,043716;0,000000;0,000000;0,000000;0,133333;0,222222;0,043716;0,000000;0,000000;0,000000;0,133333;0,222222;0,043716;0,000000;0,000000;0,000000;0,000000;0,000000;0,000000;0,000000;0,000000;0,000000
127;0,000000;0,000000;0,000000;0,000000;0,000000;0,000000;0,000000;0,000000;0,000000;0,000000;0,000000;0,000000;0,133333;0,333333;0,060606;0,000000;0,000000;0,000000;0,000000;0,000000;0,000000;0,000000;0,000000;0,000000
128;0,066667;0,333333;0,031746;0,000000;0,000000;0,000000;0,066667;0,333333;0,031746;0,000000;0,000000;0,000000;0,066667;0,333333;0,031746;0,000000;0,000000;0,000000;0,000000;0,000000;0,000000;0,000000;0,000000;0,000000
129;0,133333;0,250000;0,048193;0,000000;0,000000;0,000000;0,133333;0,250000;0,048193;0,000000;0,000000;0,000000;0,266667;0,500000;0,150943;0,000000;0,000000;0,000000;0,000000;0,000000;0,000000;0,000000;0,000000;0,000000
130;0,066667;0,166667;0,018018;0,000000;0,000000;0,000000;0,000000;0,000000;0,000000;0,000000;0,000000;0,000000;0,266667;0,666667;0,183908;0,000000;0,000000;0,000000;0,000000;0,000000;0,000000;0,000000;0,000000;0,000000
131;0,133333;0,222222;0,043716;0,000000;0,000000;0,000000;0,133333;0,222222;0,043716;0,000000;0,000000;0,000000;0,266667;0,444444;0,138528;0,000000;0,000000;0,000000;0,000000;0,000000;0,000000;0,000000;0,000000;0,000000
132;0,266667;0,250000;0,087912;0,000000;0,000000;0,000000;0,600000;0,562500;0,312139;0,000000;0,000000;0,000000;0,600000;0,562500;0,312139;0,000000;0,000000;0,000000;0,000000;0,000000;0,000000;0,000000;0,000000;0,000000
133;0,133333;0,250000;0,048193;0,000000;0,000000;0,000000;0,133333;0,250000;0,048193;0,000000;0,000000;0,000000;0,133333;0,250000;0,048193;0,000000;0,000000;0,000000;0,000000;0,000000;0,000000;0,000000;0,000000;0,000000
134;0,000000;0,000000;0,000000;0,000000;0,000000;0,000000;0,066667;0,333333;0,031746;0,000000;0,000000;0,000000;0,133333;0,666667;0,098765;0,000000;0,000000;0,000000;0,000000;0,000000;0,000000;0,000000;0,000000;0,000000
135;0,200000;0,333333;0,086957;0,000000;0,000000;0,000000;0,133333;0,222222;0,043716;0,000000;0,000000;0,000000;0,333333;0,555556;0,196078;0,000000;0,000000;0,000000;0,000000;0,000000;0,000000;0,000000;0,000000;0,000000
136;0,000000;0,000000;0,000000;0,000000;0,000000;0,000000;0,000000;0,000000;0,000000;0,000000;0,000000;0,000000;0,133333;0,500000;0,081633;0,000000;0,000000;0,000000;0,000000;0,000000;0,000000;0,000000;0,000000;0,000000
137;0,133333;0,400000;0,069565;0,000000;0,000000;0,000000;0,200000;0,600000;0,133333;0,000000;0,000000;0,000000;0,266667;0,800000;0,206452;0,000000;0,000000;0,000000;0,000000;0,000000;0,000000;0,000000;0,000000;0,000000
138;0,066667;0,333333;0,031746;0,000000;0,000000;0,000000;0,000000;0,000000;0,000000;0,000000;0,000000;0,000000;0,066667;0,333333;0,031746;0,000000;0,000000;0,000000;0,000000;0,000000;0,000000;0,000000;0,000000;0,000000
139;0,066667;0,200000;0,021053;0,000000;0,000000;0,000000;0,000000;0,000000;0,000000;0,000000;0,000000;0,000000;0,000000;0,000000;0,000000;0,000000;0,000000;0,000000;0,000000;0,000000;0,000000;0,000000;0,000000;0,000000
140;0,133333;0,285714;0,053691;0,000000;0,000000;0,000000;0,066667;0,142857;0,015748;0,000000;0,000000;0,000000;0,133333;0,285714;0,053691;0,000000;0,000000;0,000000;0,000000;0,000000;0,000000;0,000000;0,000000;0,000000
141;0,000000;0,000000;0,000000;0,000000;0,000000;0,000000;0,066667;0,142857;0,015748;0,000000;0,000000;0,000000;0,000000;0,000000;0,000000;0,000000;0,000000;0,000000;0,000000;0,000000;0,000000;0,000000;0,000000;0,000000
142;0,066667;0,500000;0,042553;0,000000;0,000000;0,000000;0,066667;0,500000;0,042553;0,000000;0,000000;0,000000;0,066667;0,500000;0,042553;0,000000;0,000000;0,000000;0,000000;0,000000;0,000000;0,000000;0,000000;0,000000
143;0,000000;0,000000;0,000000;0,000000;0,000000;0,000000;0,000000;0,000000;0,000000;0,000000;0,000000;0,000000;0,066667;0,333333;0,031746;0,000000;0,000000;0,000000;0,000000;0,000000;0,000000;0,000000;0,000000;0,000000
144;0,266667;0,571429;0,165803;0,000000;0,000000;0,000000;0,266667;0,571429;0,165803;0,000000;0,000000;0,000000;0,400000;0,857143;0,303797;0,000000;0,000000;0,000000;0,000000;0,000000;0,000000;0,000000;0,000000;0,000000
145;0,133333;0,250000;0,048193;0,000000;0,000000;0,000000;0,133333;0,250000;0,048193;0,000000;0,000000;0,000000;0,266667;0,500000;0,150943;0,000000;0,000000;0,000000;0,000000;0,000000;0,000000;0,000000;0,000000;0,000000
146;0,066667;0,333333;0,031746;0,000000;0,000000;0,000000;0,133333;0,666667;0,098765;0,000000;0,000000;0,000000;0,200000;1,000000;0,181818;0,000000;0,000000;0,000000;0,000000;0,000000;0,000000;0,000000;0,000000;0,000000
147;0,133333;0,181818;0,036866;0,000000;0,000000;0,000000;0,066667;0,090909;0,010471;0,000000;0,000000;0,000000;0,266667;0,363636;0,118959;0,000000;0,000000;0,000000;0,000000;0,000000;0,000000;0,000000;0,000000;0,000000
148;0,133333;0,285714;0,053691;0,000000;0,000000;0,000000;0,133333;0,285714;0,053691;0,000000;0,000000;0,000000;0,133333;0,285714;0,053691;0,000000;0,000000;0,000000;0,000000;0,000000;0,000000;0,000000;0,000000;0,000000
149;0,000000;0,000000;0,000000;0,000000;0,000000;0,000000;0,133333;0,166667;0,034188;0,000000;0,000000;0,000000;0,133333;0,166667;0,034188;0,000000;0,000000;0,000000;0,000000;0,000000;0,000000;0,000000;0,000000;0,000000
150;0,133333;0,666667;0,098765;0,000000;0,000000;0,000000;0,200000;1,000000;0,181818;0,000000;0,000000;0,000000;0,200000;1,000000;0,181818;0,000000;0,000000;0,000000;0,000000;0,000000;0,000000;0,000000;0,000000;0,000000
151;0,000000;0,000000;0,000000;0,000000;0,000000;0,000000;0,000000;0,000000;0,000000;0,000000;0,000000;0,000000;0,000000;0,000000;0,000000;0,000000;0,000000;0,000000;0,000000;0,000000;0,000000;0,000000;0,000000;0,000000
152;0,000000;0,000000;0,000000;0,000000;0,000000;0,000000;0,000000;0,000000;0,000000;0,000000;0,000000;0,000000;0,000000;0,000000;0,000000;0,000000;0,000000;0,000000;0,000000;0,000000;0,000000;0,000000;0,000000;0,000000
153;0,200000;0,375000;0,095238;0,000000;0,000000;0,000000;0,133333;0,250000;0,048193;0,000000;0,000000;0,000000;0,266667;0,500000;0,150943;0,000000;0,000000;0,000000;0,000000;0,000000;0,000000;0,000000;0,000000;0,000000
154;0,066667;0,333333;0,031746;0,000000;0,000000;0,000000;0,000000;0,000000;0,000000;0,000000;0,000000;0,000000;0,133333;0,666667;0,098765;0,000000;0,000000;0,000000;0,000000;0,000000;0,000000;0,000000;0,000000;0,000000
155;0,000000;0,000000;0,000000;0,000000;0,000000;0,000000;0,133333;0,285714;0,053691;0,000000;0,000000;0,000000;0,200000;0,428571;0,105263;0,000000;0,000000;0,000000;0,000000;0,000000;0,000000;0,000000;0,000000;0,000000
156;0,000000;0,000000;0,000000;0,000000;0,000000;0,000000;0,066667;0,066667;0,007843;0,000000;0,000000;0,000000;0,000000;0,000000;0,000000;0,000000;0,000000;0,000000;0,000000;0,000000;0,000000;0,000000;0,000000;0,000000
157;0,400000;0,150000;0,077419;0,000000;0,000000;0,000000;0,066667;0,025000;0,003053;0,000000;0,000000;0,000000;0,400000;0,150000;0,077419;0,000000;0,000000;0,000000;0,000000;0,000000;0,000000;0,000000;0,000000;0,000000
158;0,000000;0,000000;0,000000;0,000000;0,000000;0,000000;0,133333;0,222222;0,043716;0,000000;0,000000;0,000000;0,066667;0,111111;0,012579;0,000000;0,000000;0,000000;0,000000;0,000000;0,000000;0,000000;0,000000;0,000000
159;0,000000;0,000000;0,000000;0,000000;0,000000;0,000000;0,000000;0,000000;0,000000;0,000000;0,000000;0,000000;0,133333;0,222222;0,043716;0,000000;0,000000;0,000000;0,000000;0,000000;0,000000;0,000000;0,000000;0,000000
160;0,066667;0,166667;0,018018;0,000000;0,000000;0,000000;0,066667;0,166667;0,018018;0,000000;0,000000;0,000000;0,066667;0,166667;0,018018;0,000000;0,000000;0,000000;0,000000;0,000000;0,000000;0,000000;0,000000;0,000000
161;0,133333;0,285714;0,053691;0,000000;0,000000;0,000000;0,133333;0,285714;0,053691;0,000000;0,000000;0,000000;0,133333;0,285714;0,053691;0,000000;0,000000;0,000000;0,000000;0,000000;0,000000;0,000000;0,000000;0,000000
162;0,066667;0,111111;0,012579;0,000000;0,000000;0,000000;0,066667;0,111111;0,012579;0,000000;0,000000;0,000000;0,066667;0,111111;0,012579;0,000000;0,000000;0,000000;0,000000;0,000000;0,000000;0,000000;0,000000;0,000000
163;0,133333;0,500000;0,081633;0,000000;0,000000;0,000000;0,133333;0,500000;0,081633;0,000000;0,000000;0,000000;0,133333;0,500000;0,081633;0,000000;0,000000;0,000000;0,000000;0,000000;0,000000;0,000000;0,000000;0,000000
164;0,000000;0,000000;0,000000;0,066667;0,111111;0,012579;0,133333;0,222222;0,043716;0,066667;0,111111;0,012579;0,466667;0,777778;0,323432;0,000000;0,000000;0,000000;0,000000;0,000000;0,000000;0,000000;0,000000;0,000000
165;0,066667;0,333333;0,031746;0,000000;0,000000;0,000000;0,000000;0,000000;0,000000;0,000000;0,000000;0,000000;0,200000;1,000000;0,181818;0,000000;0,000000;0,000000;0,000000;0,000000;0,000000;0,000000;0,000000;0,000000
166;0,000000;0,000000;0,000000;0,000000;0,000000;0,000000;0,000000;0,000000;0,000000;0,000000;0,000000;0,000000;0,066667;0,111111;0,012579;0,000000;0,000000;0,000000;0,000000;0,000000;0,000000;0,000000;0,000000;0,000000
167;0,000000;0,000000;0,000000;0,000000;0,000000;0,000000;0,000000;0,000000;0,000000;0,000000;0,000000;0,000000;0,000000;0,000000;0,000000;0,000000;0,000000;0,000000;0,000000;0,000000;0,000000;0,000000;0,000000;0,000000
168;0,000000;0,000000;0,000000;0,000000;0,000000;0,000000;0,000000;0,000000;0,000000;0,000000;0,000000;0,000000;0,133333;0,666667;0,098765;0,000000;0,000000;0,000000;0,000000;0,000000;0,000000;0,000000;0,000000;0,000000
169;0,000000;0,000000;0,000000;0,000000;0,000000;0,000000;0,133333;0,400000;0,069565;0,000000;0,000000;0,000000;0,200000;0,600000;0,133333;0,000000;0,000000;0,000000;0,000000;0,000000;0,000000;0,000000;0,000000;0,000000
170;0,133333;0,285714;0,053691;0,000000;0,000000;0,000000;0,266667;0,571429;0,165803;0,000000;0,000000;0,000000;0,400000;0,857143;0,303797;0,000000;0,000000;0,000000;0,000000;0,000000;0,000000;0,000000;0,000000;0,000000
171;0,200000;0,750000;0,153846;0,000000;0,000000;0,000000;0,200000;0,750000;0,153846;0,000000;0,000000;0,000000;0,266667;1,000000;0,235294;0,000000;0,000000;0,000000;0,066667;0,250000;0,025316;0,066667;0,250000;0,025316
172;0,266667;0,800000;0,206452;0,000000;0,000000;0,000000;0,333333;1,000000;0,285714;0,000000;0,000000;0,000000;0,333333;1,000000;0,285714;0,000000;0,000000;0,000000;0,066667;0,200000;0,021053;0,066667;0,200000;0,021053
173;0,200000;1,000000;0,181818;0,000000;0,000000;0,000000;0,133333;0,666667;0,098765;0,000000;0,000000;0,000000;0,200000;1,000000;0,181818;0,000000;0,000000;0,000000;0,000000;0,000000;0,000000;0,000000;0,000000;0,000000
174;0,200000;0,500000;0,117647;0,000000;0,000000;0,000000;0,066667;0,166667;0,018018;0,000000;0,000000;0,000000;0,066667;0,166667;0,018018;0,000000;0,000000;0,000000;0,000000;0,000000;0,000000;0,000000;0,000000;0,000000
175;0,066667;0,166667;0,018018;0,000000;0,000000;0,000000;0,066667;0,166667;0,018018;0,000000;0,000000;0,000000;0,133333;0,333333;0,060606;0,000000;0,000000;0,000000;0,000000;0,000000;0,000000;0,000000;0,000000;0,000000
176;0,066667;0,125000;0,013986;0,000000;0,000000;0,000000;0,133333;0,250000;0,048193;0,000000;0,000000;0,000000;0,133333;0,250000;0,048193;0,000000;0,000000;0,000000;0,000000;0,000000;0,000000;0,000000;0,000000;0,000000
177;0,000000;0,000000;0,000000;0,000000;0,000000;0,000000;0,000000;0,000000;0,000000;0,000000;0,000000;0,000000;0,200000;0,500000;0,117647;0,000000;0,000000;0,000000;0,000000;0,000000;0,000000;0,000000;0,000000;0,000000
178;0,000000;0,000000;0,000000;0,000000;0,000000;0,000000;0,000000;0,000000;0,000000;0,000000;0,000000;0,000000;0,000000;0,000000;0,000000;0,000000;0,000000;0,000000;0,000000;0,000000;0,000000;0,000000;0,000000;0,000000
179;0,000000;0,000000;0,000000;0,000000;0,000000;0,000000;0,066667;0,200000;0,021053;0,000000;0,000000;0,000000;0,200000;0,600000;0,133333;0,000000;0,000000;0,000000;0,000000;0,000000;0,000000;0,000000;0,000000;0,000000
180;0,200000;0,375000;0,095238;0,000000;0,000000;0,000000;0,200000;0,375000;0,095238;0,000000;0,000000;0,000000;0,266667;0,500000;0,150943;0,000000;0,000000;0,000000;0,000000;0,000000;0,000000;0,000000;0,000000;0,000000
181;0,133333;0,333333;0,060606;0,000000;0,000000;0,000000;0,133333;0,333333;0,060606;0,000000;0,000000;0,000000;0,066667;0,166667;0,018018;0,000000;0,000000;0,000000;0,000000;0,000000;0,000000;0,000000;0,000000;0,000000
182;0,133333;0,666667;0,098765;0,000000;0,000000;0,000000;0,133333;0,666667;0,098765;0,000000;0,000000;0,000000;0,200000;1,000000;0,181818;0,000000;0,000000;0,000000;0,000000;0,000000;0,000000;0,000000;0,000000;0,000000
183;0,000000;0,000000;0,000000;0,000000;0,000000;0,000000;0,000000;0,000000;0,000000;0,000000;0,000000;0,000000;0,000000;0,000000;0,000000;0,000000;0,000000;0,000000;0,000000;0,000000;0,000000;0,000000;0,000000;0,000000
184;0,133333;0,250000;0,048193;0,000000;0,000000;0,000000;0,000000;0,000000;0,000000;0,000000;0,000000;0,000000;0,066667;0,125000;0,013986;0,000000;0,000000;0,000000;0,000000;0,000000;0,000000;0,000000;0,000000;0,000000
185;0,266667;0,400000;0,128000;0,000000;0,000000;0,000000;0,466667;0,700000;0,301538;0,000000;0,000000;0,000000;0,466667;0,700000;0,301538;0,000000;0,000000;0,000000;0,000000;0,000000;0,000000;0,000000;0,000000;0,000000
186;0,066667;0,058824;0,006969;0,000000;0,000000;0,000000;0,066667;0,058824;0,006969;0,000000;0,000000;0,000000;0,200000;0,176471;0,051282;0,000000;0,000000;0,000000;0,000000;0,000000;0,000000;0,000000;0,000000;0,000000
187;0,000000;0,000000;0,000000;0,000000;0,000000;0,000000;0,066667;0,142857;0,015748;0,000000;0,000000;0,000000;0,066667;0,142857;0,015748;0,000000;0,000000;0,000000;0,000000;0,000000;0,000000;0,000000;0,000000;0,000000
188;0,000000;0,000000;0,000000;0,066667;0,083333;0,009662;0,133333;0,166667;0,034188;0,066667;0,083333;0,009662;0,266667;0,333333;0,111111;0,000000;0,000000;0,000000;0,000000;0,000000;0,000000;0,000000;0,000000;0,000000
189;0,066667;0,100000;0,011429;0,000000;0,000000;0,000000;0,000000;0,000000;0,000000;0,000000;0,000000;0,000000;0,200000;0,300000;0,080000;0,000000;0,000000;0,000000;0,000000;0,000000;0,000000;0,000000;0,000000;0,000000
190;0,066667;0,166667;0,018018;0,000000;0,000000;0,000000;0,133333;0,333333;0,060606;0,000000;0,000000;0,000000;0,200000;0,500000;0,117647;0,000000;0,000000;0,000000;0,000000;0,000000;0,000000;0,000000;0,000000;0,000000
191;0,000000;0,000000;0,000000;0,000000;0,000000;0,000000;0,200000;0,214286;0,060606;0,000000;0,000000;0,000000;0,533333;0,571429;0,289593;0,000000;0,000000;0,000000;0,000000;0,000000;0,000000;0,000000;0,000000;0,000000
192;0,133333;0,400000;0,069565;0,000000;0,000000;0,000000;0,066667;0,200000;0,021053;0,000000;0,000000;0,000000;0,133333;0,400000;0,069565;0,000000;0,000000;0,000000;0,000000;0,000000;0,000000;0,000000;0,000000;0,000000
193;0,266667;0,400000;0,128000;0,000000;0,000000;0,000000;0,333333;0,500000;0,181818;0,000000;0,000000;0,000000;0,466667;0,700000;0,301538;0,000000;0,000000;0,000000;0,000000;0,000000;0,000000;0,000000;0,000000;0,000000
194;0,133333;0,285714;0,053691;0,000000;0,000000;0,000000;0,200000;0,428571;0,105263;0,000000;0,000000;0,000000;0,266667;0,571429;0,165803;0,000000;0,000000;0,000000;0,000000;0,000000;0,000000;0,000000;0,000000;0,000000
195;0,066667;0,250000;0,025316;0,000000;0,000000;0,000000;0,133333;0,500000;0,081633;0,000000;0,000000;0,000000;0,133333;0,500000;0,081633;0,000000;0,000000;0,000000;0,000000;0,000000;0,000000;0,000000;0,000000;0,000000
196;0,066667;0,076923;0,008969;0,000000;0,000000;0,000000;0,000000;0,000000;0,000000;0,000000;0,000000;0,000000;0,000000;0,000000;0,000000;0,000000;0,000000;0,000000;0,000000;0,000000;0,000000;0,000000;0,000000;0,000000
197;0,133333;0,500000;0,081633;0,000000;0,000000;0,000000;0,133333;0,500000;0,081633;0,000000;0,000000;0,000000;0,266667;1,000000;0,235294;0,000000;0,000000;0,000000;0,000000;0,000000;0,000000;0,000000;0,000000;0,000000
198;0,000000;0,000000;0,000000;0,000000;0,000000;0,000000;0,000000;0,000000;0,000000;0,000000;0,000000;0,000000;0,066667;0,200000;0,021053;0,000000;0,000000;0,000000;0,000000;0,000000;0,000000;0,000000;0,000000;0,000000
199;0,000000;0,000000;0,000000;0,000000;0,000000;0,000000;0,066667;0,111111;0,012579;0,000000;0,000000;0,000000;0,133333;0,222222;0,043716;0,000000;0,000000;0,000000;0,000000;0,000000;0,000000;0,000000;0,000000;0,000000
200;0,000000;0,000000;0,000000;0,000000;0,000000;0,000000;0,066667;0,250000;0,025316;0,000000;0,000000;0,000000;0,133333;0,500000;0,081633;0,000000;0,000000;0,000000;0,000000;0,000000;0,000000;0,000000;0,000000;0,000000
201;0,000000;0,000000;0,000000;0,000000;0,000000;0,000000;0,066667;0,058824;0,006969;0,000000;0,000000;0,000000;0,266667;0,235294;0,083551;0,000000;0,000000;0,000000;0,000000;0,000000;0,000000;0,000000;0,000000;0,000000
202;0,133333;0,133333;0,028070;0,000000;0,000000;0,000000;0,066667;0,066667;0,007843;0,000000;0,000000;0,000000;0,133333;0,133333;0,028070;0,000000;0,000000;0,000000;0,000000;0,000000;0,000000;0,000000;0,000000;0,000000
203;0,066667;0,066667;0,007843;0,000000;0,000000;0,000000;0,000000;0,000000;0,000000;0,000000;0,000000;0,000000;0,200000;0,200000;0,057143;0,000000;0,000000;0,000000;0,000000;0,000000;0,000000;0,000000;0,000000;0,000000
204;0,066667;0,066667;0,007843;0,000000;0,000000;0,000000;0,000000;0,000000;0,000000;0,000000;0,000000;0,000000;0,000000;0,000000;0,000000;0,000000;0,000000;0,000000;0,066667;0,066667;0,007843;0,066667;0,066667;0,007843
205;0,000000;0,000000;0,000000;0,000000;0,000000;0,000000;0,000000;0,000000;0,000000;0,000000;0,000000;0,000000;0,000000;0,000000;0,000000;0,000000;0,000000;0,000000;0,000000;0,000000;0,000000;0,000000;0,000000;0,000000
206;0,133333;0,500000;0,081633;0,000000;0,000000;0,000000;0,066667;0,250000;0,025316;0,000000;0,000000;0,000000;0,200000;0,750000;0,153846;0,000000;0,000000;0,000000;0,000000;0,000000;0,000000;0,000000;0,000000;0,000000
207;0,000000;0,000000;0,000000;0,000000;0,000000;0,000000;0,133333;0,333333;0,060606;0,000000;0,000000;0,000000;0,200000;0,500000;0,117647;0,000000;0,000000;0,000000;0,000000;0,000000;0,000000;0,000000;0,000000;0,000000
208;0,000000;0,000000;0,000000;0,000000;0,000000;0,000000;0,000000;0,000000;0,000000;0,000000;0,000000;0,000000;0,200000;0,428571;0,105263;0,000000;0,000000;0,000000;0,000000;0,000000;0,000000;0,000000;0,000000;0,000000
209;0,000000;0,000000;0,000000;0,000000;0,000000;0,000000;0,066667;0,076923;0,008969;0,000000;0,000000;0,000000;0,066667;0,076923;0,008969;0,000000;0,000000;0,000000;0,000000;0,000000;0,000000;0,000000;0,000000;0,000000
210;0,000000;0,000000;0,000000;0,000000;0,000000;0,000000;0,000000;0,000000;0,000000;0,000000;0,000000;0,000000;0,000000;0,000000;0,000000;0,000000;0,000000;0,000000;0,000000;0,000000;0,000000;0,000000;0,000000;0,000000
211;0,000000;0,000000;0,000000;0,000000;0,000000;0,000000;0,066667;0,083333;0,009662;0,000000;0,000000;0,000000;0,000000;0,000000;0,000000;0,000000;0,000000;0,000000;0,000000;0,000000;0,000000;0,000000;0,000000;0,000000
212;0,133333;0,133333;0,028070;0,000000;0,000000;0,000000;0,200000;0,200000;0,057143;0,000000;0,000000;0,000000;0,400000;0,400000;0,177778;0,000000;0,000000;0,000000;0,000000;0,000000;0,000000;0,000000;0,000000;0,000000
213;0,000000;0,000000;0,000000;0,000000;0,000000;0,000000;0,133333;0,166667;0,034188;0,000000;0,000000;0,000000;0,333333;0,416667;0,158730;0,000000;0,000000;0,000000;0,000000;0,000000;0,000000;0,000000;0,000000;0,000000
214;0,066667;0,200000;0,021053;0,000000;0,000000;0,000000;0,133333;0,400000;0,069565;0,000000;0,000000;0,000000;0,133333;0,400000;0,069565;0,000000;0,000000;0,000000;0,000000;0,000000;0,000000;0,000000;0,000000;0,000000
215;0,066667;0,333333;0,031746;0,000000;0,000000;0,000000;0,066667;0,333333;0,031746;0,000000;0,000000;0,000000;0,066667;0,333333;0,031746;0,000000;0,000000;0,000000;0,066667;0,333333;0,031746;0,066667;0,333333;0,031746
216;0,000000;0,000000;0,000000;0,000000;0,000000;0,000000;0,000000;0,000000;0,000000;0,000000;0,000000;0,000000;0,000000;0,000000;0,000000;0,000000;0,000000;0,000000;0,000000;0,000000;0,000000;0,000000;0,000000;0,000000
217;0,000000;0,000000;0,000000;0,000000;0,000000;0,000000;0,000000;0,000000;0,000000;0,000000;0,000000;0,000000;0,000000;0,000000;0,000000;0,000000;0,000000;0,000000;0,000000;0,000000;0,000000;0,000000;0,000000;0,000000
218;0,000000;0,000000;0,000000;0,000000;0,000000;0,000000;0,066667;0,062500;0,007380;0,000000;0,000000;0,000000;0,200000;0,187500;0,054054;0,000000;0,000000;0,000000;0,000000;0,000000;0,000000;0,000000;0,000000;0,000000
219;0,000000;0,000000;0,000000;0,000000;0,000000;0,000000;0,133333;0,105263;0,022663;0,000000;0,000000;0,000000;0,066667;0,052632;0,006270;0,000000;0,000000;0,000000;0,000000;0,000000;0,000000;0,000000;0,000000;0,000000
220;0,000000;0,000000;0,000000;0,000000;0,000000;0,000000;0,133333;0,100000;0,021622;0,000000;0,000000;0,000000;0,066667;0,050000;0,005970;0,000000;0,000000;0,000000;0,000000;0,000000;0,000000;0,000000;0,000000;0,000000
221;0,000000;0,000000;0,000000;0,000000;0,000000;0,000000;0,066667;0,052632;0,006270;0,000000;0,000000;0,000000;0,133333;0,105263;0,022663;0,000000;0,000000;0,000000;0,000000;0,000000;0,000000;0,000000;0,000000;0,000000
222;0,000000;0,000000;0,000000;0,000000;0,000000;0,000000;0,200000;0,300000;0,080000;0,000000;0,000000;0,000000;0,133333;0,200000;0,040000;0,000000;0,000000;0,000000;0,000000;0,000000;0,000000;0,000000;0,000000;0,000000
223;0,066667;0,200000;0,021053;0,000000;0,000000;0,000000;0,066667;0,200000;0,021053;0,000000;0,000000;0,000000;0,133333;0,400000;0,069565;0,000000;0,000000;0,000000;0,000000;0,000000;0,000000;0,000000;0,000000;0,000000
224;0,200000;0,333333;0,086957;0,066667;0,111111;0,012579;0,266667;0,444444;0,138528;0,066667;0,111111;0,012579;0,266667;0,444444;0,138528;0,000000;0,000000;0,000000;0,000000;0,000000;0,000000;0,000000;0,000000;0,000000
225;0,133333;0,080000;0,017582;0,000000;0,000000;0,000000;0,133333;0,080000;0,017582;0,000000;0,000000;0,000000;0,200000;0,120000;0,036364;0,000000;0,000000;0,000000;0,000000;0,000000;0,000000;0,000000;0,000000;0,000000
